kind,title,aliases,summary,body,lane,scope,source_ref
word,Telebook,telebooks; टेलीबुक (स्क्रीन पर पढ़ी जाने वाली किताब); ٹیلی بک; Telebook,"A book that is read on a screen instead of on paper — Asimov's word for it, before e-readers existed.","टेलीबुक (स्क्रीन पर पढ़ी जाने वाली किताब) · ٹیلی بک (Telebook)

**In use**

- Margie's grandfather said that when he was a little boy, books were printed on paper — not telebooks.

*From NCERT Beehive — The Fun They Had.*",nouns,general,NCERT Beehive — The Fun They Had
word,Scornful,scornfully; scorn; तिरस्कारपूर्ण; حقارت آمیز; Haqarat-aamez,Full of contempt; showing that you think something is worthless.,"तिरस्कारपूर्ण · حقارت آمیز (Haqarat-aamez)

**In use**

- Tommy looked at her with very superior eyes — a scornful look at the idea of a man teacher.

*From NCERT Beehive — The Fun They Had.*",describing,general,NCERT Beehive — The Fun They Had
word,Nonchalantly,nonchalant; nonchalance; बेपरवाही से; بے پروائی سے; Be-parwai se,"In a calm, unconcerned way, as if nothing matters.","बेपरवाही से · بے پروائی سے (Be-parwai se)

**In use**

- ""Sure they had a teacher, but it wasn't a regular teacher,"" Tommy said nonchalantly.

*From NCERT Beehive — The Fun They Had.*",describing,general,NCERT Beehive — The Fun They Had
word,Loftily,lofty; अभिमान से; غرور سے; Ghuroor se,"In a proud, superior manner, as if from a great height.","अभिमान से · غرور سے (Ghuroor se)

**In use**

- ""Because it's not our kind of school, stupid,"" Tommy said loftily.

*From NCERT Beehive — The Fun They Had.*",describing,general,NCERT Beehive — The Fun They Had
word,Prodigy,prodigies; अद्भुत प्रतिभा वाला बच्चा; غیر معمولی صلاحیت والا بچہ; Ghair-mamooli salahiyat wala bachcha,A young person with exceptional talent.,"अद्भुत प्रतिभा वाला बच्चा · غیر معمولی صلاحیت والا بچہ (Ghair-mamooli salahiyat wala bachcha)

**In use**

- Evelyn Glennie, a percussion prodigy, learned to hear music through her body.

*From NCERT Beehive — The Sound of Music.*",nouns,general,NCERT Beehive — The Sound of Music
word,Percussion,ताल वाद्य; تال ساز; Taal saaz,"Musical instruments that are struck or shaken — drums, cymbals, xylophone.","ताल वाद्य · تال ساز (Taal saaz)

**In use**

- Evelyn is the world's most sought-after multi-percussionist.

*From NCERT Beehive — The Sound of Music.*",nouns,general,NCERT Beehive — The Sound of Music
word,Daunting,daunt; daunted; भयभीत करने वाला; حوصلہ شکن; Hausla-shikan,Frightening in a way that makes you less confident.,"भयभीत करने वाला · حوصلہ شکن (Hausla-shikan)

**In use**

- A profoundly deaf girl, learning music: it must have been a daunting task.

*From NCERT Beehive — The Sound of Music.*",describing,general,NCERT Beehive — The Sound of Music
word,Auspicious,auspiciously; शुभ; مبارک; Mubarak,Promising success; a good sign.,"शुभ · مبارک (Mubarak)

**In use**

- The shehnai is played at auspicious occasions — weddings, temple rituals.

*From NCERT Beehive — The Sound of Music.*",describing,general,NCERT Beehive — The Sound of Music
word,Reed,"reeds; नरकट, सरकंडा; نرکل; Narkul",A thin strip of cane in a wind instrument that vibrates to make sound; also the tall grass it comes from.,"नरकट, सरकंडा · نرکل (Narkul)

**In use**

- The pungi was a reed instrument with an unpleasant sound, later improved into the shehnai.

*From NCERT Beehive — The Sound of Music.*",nouns,general,NCERT Beehive — The Sound of Music
word,Fumble,fumbled; fumbling; fumbles; टटोलना; ٹٹولنا; Tatolna,To handle something clumsily; to search awkwardly with the hands.,"टटोलना · ٹٹولنا (Tatolna)

**In use**

- Kezia fumbled with the buttons, nervous under her father's eye.

*From NCERT Beehive — The Little Girl.*",verbs,general,NCERT Beehive — The Little Girl
word,Wretched,"wretchedly; दयनीय, बदहाल; بدحال; Badhaal",Miserable; very unhappy or of very poor quality.,"दयनीय, बदहाल · بدحال (Badhaal)

**In use**

- ""That wretched child!"" — how the father spoke of Kezia when she tore his speech.

*From NCERT Beehive — The Little Girl.*",describing,general,NCERT Beehive — The Little Girl
word,Nightmare,nightmares; दुःस्वप्न; ڈراؤنا خواب; Darawna khwab,A frightening dream; also any terrible experience.,"दुःस्वप्न · ڈراؤنا خواب (Darawna khwab)

**In use**

- Kezia's nightmare of the butcher with a knife is what makes her cling to her father at last.

*From NCERT Beehive — The Little Girl.*",nouns,general,NCERT Beehive — The Little Girl
word,Freak,"freaks; freakish; विचित्र, असामान्य; عجیب الخلقت; Ajeeb-ul-khilqat",A person or thing regarded as abnormal or very unusual.,"विचित्र, असामान्य · عجیب الخلقت (Ajeeb-ul-khilqat)

**In use**

- Einstein's mother thought he was a freak because his head seemed too large.

*From NCERT Beehive — A Truly Beautiful Mind.*",nouns,general,NCERT Beehive — A Truly Beautiful Mind
word,Amateur,amateurs; शौकिया; شوقیہ; Shauqiya,"Someone who does something for love, not as a profession; not a professional.","शौकिया · شوقیہ (Shauqiya)

**In use**

- Einstein was an amateur violinist all his life.

*From NCERT Beehive — A Truly Beautiful Mind.*",nouns,general,NCERT Beehive — A Truly Beautiful Mind
word,Relativity,सापेक्षता; اضافیت; Izafiyat,Einstein's theory that time and space are not absolute but depend on the observer's motion.,"सापेक्षता · اضافیت (Izafiyat)

**In use**

- The Special Theory of Relativity: time and distance are not absolute.

*From NCERT Beehive — A Truly Beautiful Mind.*",nouns,general,NCERT Beehive — A Truly Beautiful Mind
word,Disarmament,disarm; निरस्त्रीकरण; تخفیفِ اسلحہ; Takhfeef-e-aslaha,"The reduction or removal of weapons, especially by nations.","निरस्त्रीकरण · تخفیفِ اسلحہ (Takhfeef-e-aslaha)

**In use**

- Einstein wrote to the UN proposing a world government and campaigned for disarmament.

*From NCERT Beehive — A Truly Beautiful Mind.*",nouns,general,NCERT Beehive — A Truly Beautiful Mind
word,Homeopath,homeopathy; homeopathic; होम्योपैथिक चिकित्सक; ہومیوپیتھ; Homeopath,A doctor who treats illness with tiny doses of natural substances.,"होम्योपैथिक चिकित्सक · ہومیوپیتھ (Homeopath)

**In use**

- The narrator, a homeopath, had just started his practice and had little money.

*From NCERT Beehive — The Snake and the Mirror.*",nouns,general,NCERT Beehive — The Snake and the Mirror
word,Presumption,"presumptuous; धृष्टता, अनुमान; گستاخی، قیاس; Gustakhi",Behaviour that is too confident or bold; taking something for granted.,"धृष्टता, अनुमान · گستاخی، قیاس (Gustakhi)

**In use**

- ""The result of this careful search was that I found my presumption was true"" — he had no chance against the snake.

*From NCERT Beehive — The Snake and the Mirror.*",nouns,general,NCERT Beehive — The Snake and the Mirror
word,Rascal,"rascals; शरारती, बदमाश; بدمعاش، شرارتی; Shararti","A mischievous or dishonest person, often said half-fondly.","शरारती, बदमाश · بدمعاش، شرارتی (Shararti)

**In use**

- The snake — ""the rascal"" — slithered over the doctor's shoulder and turned to admire the mirror.

*From NCERT Beehive — The Snake and the Mirror.*",nouns,general,NCERT Beehive — The Snake and the Mirror
word,Orthodox,orthodoxy; रूढ़िवादी; قدامت پسند; Qadamat-pasand,Following the traditional and accepted beliefs strictly.,"रूढ़िवादी · قدامت پسند (Qadamat-pasand)

**In use**

- Kalam's parents were orthodox, but never made caste or religion a wall between people.

*From NCERT Beehive — My Childhood.*",describing,general,NCERT Beehive — My Childhood
word,Segregation,"segregate; segregated; अलगाव, पृथक्करण; علیحدگی; Alahidgi","Keeping groups of people apart, especially by race, caste or religion.","अलगाव, पृथक्करण · علیحدگی (Alahidgi)

**In use**

- The new teacher could not stomach a Hindu priest's son sitting with a Muslim boy — social segregation in a classroom.

*From NCERT Beehive — My Childhood.*",nouns,general,NCERT Beehive — My Childhood
word,Optimism,optimist; optimistic; आशावाद; رجائیت; Rajaiyat,Hopefulness; the belief that good things will happen.,"आशावाद · رجائیت (Rajaiyat)

**In use**

- Kalam's father spoke of faith and optimism when he explained why people came to him with troubles.

*From NCERT Beehive — My Childhood.*",nouns,general,NCERT Beehive — My Childhood
word,Slapdash,लापरवाही से किया गया; بے پروا، سرسری; Be-parwa,Done hurriedly and carelessly.,"लापरवाही से किया गया · بے پروا، سرسری (Be-parwa)

**In use**

- Harris and George packed the hamper in a slapdash way, breaking a cup and crushing a tomato.

*From NCERT Beehive — Packing.*",describing,general,NCERT Beehive — Packing
word,Uncanny,"uncannily; रहस्यमय, विचित्र; پراسرار; Pur-asrar",Strange or mysterious in an unsettling way.,"रहस्यमय, विचित्र · پراسرار (Pur-asrar)

**In use**

- Montmorency had an uncanny knack of getting in the way of whatever was being packed.

*From NCERT Beehive — Packing.*",describing,general,NCERT Beehive — Packing
word,Rummage,rummaged; rummaging; उलट-पलट कर ढूँढना; الٹ پلٹ کر ڈھونڈنا; Ulat-palat kar dhoondna,To search untidily through a pile of things.,"उलट-पलट कर ढूँढना · الٹ پلٹ کر ڈھونڈنا (Ulat-palat kar dhoondna)

**In use**

- They rummaged through everything to find the butter, which was on the chair George had sat on.

*From NCERT Beehive — Packing.*",verbs,general,NCERT Beehive — Packing
word,Grit,"gritty; साहस, दृढ़ता; حوصلہ; Hausla",Courage and determination that keep you going through difficulty.,"साहस, दृढ़ता · حوصلہ (Hausla)

**In use**

- Santosh Yadav's grit took her to the top of Everest — twice.

*From NCERT Beehive — Reach for the Top.*",nouns,general,NCERT Beehive — Reach for the Top
word,Contemporaries,contemporary; समकालीन; ہم عصر; Hum-asr,People of about the same age or living at the same time.,"समकालीन · ہم عصر (Hum-asr)

**In use**

- Unlike her contemporaries, Santosh was not content with the life set out for a village girl.

*From NCERT Beehive — Reach for the Top.*",nouns,general,NCERT Beehive — Reach for the Top
word,Wistful,wistfully; उदास लालसा भरा; حسرت بھرا; Hasrat-bhara,Sadly longing for something; full of quiet regret.,"उदास लालसा भरा · حسرت بھرا (Hasrat-bhara)

**In use**

- Bruno was not wistful when he was sent to the zoo — but the narrator's wife certainly was.

*From NCERT Beehive — The Bond of Love.*",describing,general,NCERT Beehive — The Bond of Love
word,Squat,squatted; squatting; उकड़ूँ बैठना; اکڑوں بیٹھنا; Ukroon baithna,To sit low with knees bent and heels close to the body.,"उकड़ूँ बैठना · اکڑوں بیٹھنا (Ukroon baithna)

**In use**

- Bruno would squat on his haunches and wait for the sugarcane and chapatis.

*From NCERT Beehive — The Bond of Love.*",verbs,general,NCERT Beehive — The Bond of Love
word,Fervent,"fervently; उत्साही, तीव्र; پرجوش; Pur-josh",Showing strong and sincere feeling.,"उत्साही, तीव्र · پرجوش (Pur-josh)

**In use**

- In Kathmandu, fervent worshippers press towards the shrine at Pashupatinath.

*From NCERT Beehive — Kathmandu.*",describing,general,NCERT Beehive — Kathmandu
word,Haggle,haggled; haggling; मोलभाव करना; بھاؤ تاؤ کرنا; Bhao-tao karna,To argue about a price before agreeing.,"मोलभाव करना · بھاؤ تاؤ کرنا (Bhao-tao karna)

**In use**

- Vikram Seth haggles with the flute seller, who watches with none of the pushy trader's manner.

*From NCERT Beehive — Kathmandu.*",verbs,general,NCERT Beehive — Kathmandu
word,Intruder,intrude; intrusion; घुसपैठिया; گھس بیٹھیا; Ghus-baithiya,Someone who enters a place where they are not wanted or allowed.,"घुसपैठिया · گھس بیٹھیا (Ghus-baithiya)

**In use**

- Gerrard faces the intruder calmly, and by the end has him locked in the cupboard.

*From NCERT Beehive — If I Were You.*",nouns,general,NCERT Beehive — If I Were You
word,Nonchalant,nonchalantly; बेपरवाह; بے پروا; Be-parwa,"Calm and unconcerned, especially when others would be worried.","बेपरवाह · بے پروا (Be-parwa)

**In use**

- Gerrard's nonchalant manner while a gun points at him is what wins the scene.

*From NCERT Beehive — If I Were You.*",describing,general,NCERT Beehive — If I Were You
word,Diverge,"diverged; diverging; अलग होना, बँटना; جدا ہونا; Juda hona",To split and go in different directions.,"अलग होना, बँटना · جدا ہونا (Juda hona)

**In use**

- ""Two roads diverged in a yellow wood"" — Frost's speaker must choose one.

*From NCERT Beehive — The Road Not Taken (poem).*",verbs,general,NCERT Beehive — The Road Not Taken (poem)
word,Undergrowth,झाड़-झंखाड़; جھاڑیاں; Jhariyan,Low bushes and plants growing under trees.,"झाड़-झंखाड़ · جھاڑیاں (Jhariyan)

**In use**

- He looked down one road as far as he could, to where it bent in the undergrowth.

*From NCERT Beehive — The Road Not Taken (poem).*",nouns,general,NCERT Beehive — The Road Not Taken (poem)
word,Crumbling,"crumble; crumbled; टूटता हुआ, ढहता हुआ; ٹوٹتا ہوا; Tootta hua",Breaking into small pieces; falling apart.,"टूटता हुआ, ढहता हुआ · ٹوٹتا ہوا (Tootta hua)

**In use**

- The wind winnows and crushes crumbling doors, weak houses and weak hearts.

*From NCERT Beehive — Wind (poem).*",describing,general,NCERT Beehive — Wind (poem)
word,Winnow,"winnowed; winnowing; ओसाना, फटकना; پھٹکنا; Phatakna",To separate grain from chaff by throwing it in the wind; to sift.,"ओसाना, फटकना · پھٹکنا (Phatakna)

**In use**

- ""He winnows and crushes them all"" — the wind sorts the weak from the strong.

*From NCERT Beehive — Wind (poem).*",verbs,general,NCERT Beehive — Wind (poem)
word,Glimmer,glimmers; glimmering; टिमटिमाहट; ٹمٹماہٹ; Timtimahat,"A faint, unsteady light.","टिमटिमाहट · ٹمٹماہٹ (Timtimahat)

**In use**

- Wattles made, and a hive for the honey bee, with a glimmer of midnight in the lake.

*From NCERT Beehive — The Lake Isle of Innisfree (poem).*",nouns,general,NCERT Beehive — The Lake Isle of Innisfree (poem)
word,Aroma,aromatic; सुगंध; خوشبو; Khushboo,"A pleasant, distinctive smell.","सुगंध · خوشبو (Khushboo)

**In use**

- The old woman baking cakes, the aroma reaching the door where Saint Peter begged.

*From NCERT Beehive — A Legend of the Northland (poem).*",nouns,general,NCERT Beehive — A Legend of the Northland (poem)
word,Defile,defiled; defiling; अपवित्र करना; ناپاک کرنا; Napaak karna,To spoil or make dirty something that should be respected.,"अपवित्र करना · ناپاک کرنا (Napaak karna)

**In use**

- ""It is the human earth that we defile"" — Kirkup on war.

*From NCERT Beehive — No Men Are Foreign (poem).*",verbs,general,NCERT Beehive — No Men Are Foreign (poem)
word,Hack,"hacked; hacking; काटना, कुल्हाड़ी चलाना; کاٹنا; Kaatna",To cut roughly with heavy blows.,"काटना, कुल्हाड़ी चलाना · کاٹنا (Kaatna)

**In use**

- ""So hack and chop, but this alone won't do it"" — a tree survives being cut.

*From NCERT Beehive — On Killing a Tree (poem).*",verbs,general,NCERT Beehive — On Killing a Tree (poem)
word,Mound,"mounds; टीला, ढेर; ٹیلہ; Teela",A heap or small hill of earth or things.,"टीला, ढेर · ٹیلہ (Teela)

**In use**

- The lost child was lifted from the mound of crushed feet in the crowd by a stranger.

*From NCERT Moments — The Lost Child.*",nouns,general,NCERT Moments — The Lost Child
word,Congested,congestion; भीड़भाड़ वाला; ہجوم زدہ; Hujoom-zada,Overcrowded; too full to move freely.,"भीड़भाड़ वाला · ہجوم زدہ (Hujoom-zada)

**In use**

- The fair was congested; the child was swept from his parents in the crush.

*From NCERT Moments — The Lost Child.*",describing,general,NCERT Moments — The Lost Child
word,Mischievous,mischief; mischievously; शरारती; شرارتی; Shararti,Fond of playful trouble; naughty in a lively way.,"शरारती · شرارتی (Shararti)

**In use**

- Toto was a mischievous monkey who tore Grandfather's wallpaper and terrified the goat.

*From NCERT Moments — The Adventures of Toto.*",describing,general,NCERT Moments — The Adventures of Toto
word,Scamper,scampered; scampering; तेज़ी से भागना; دوڑ لگانا; Daur lagana,"To run quickly with small, light steps.","तेज़ी से भागना · دوڑ لگانا (Daur lagana)

**In use**

- Toto scampered up the curtains whenever Grandmother came near.

*From NCERT Moments — The Adventures of Toto.*",verbs,general,NCERT Moments — The Adventures of Toto
word,Yarn,yarns; लंबी मनगढ़ंत कहानी; لمبی کہانی; Lambi kahani,"A long, improbable story told for entertainment.","लंबी मनगढ़ंत कहानी · لمبی کہانی (Lambi kahani)

**In use**

- Iswaran could weave a yarn out of the smallest incident — a fallen tree became a bulldozing elephant.

*From NCERT Moments — Iswaran the Storyteller.*",nouns,general,NCERT Moments — Iswaran the Storyteller
word,Bulldozer,bulldozing; बुलडोज़र; بلڈوزر; Bulldozer,A heavy machine with a wide blade for pushing earth.,"बुलडोज़र · بلڈوزر (Bulldozer)

**In use**

- The elephant, in Iswaran's telling, went through the school gate like a bulldozer.

*From NCERT Moments — Iswaran the Storyteller.*",nouns,general,NCERT Moments — Iswaran the Storyteller
word,Guru,gurus; गुरु; گرو; Guru,A spiritual teacher or wise guide.,"गुरु · گرو (Guru)

**In use**

- The guru and his disciple came to the kingdom of fools, where everything cost a duddu.

*From NCERT Moments — In the Kingdom of Fools.*",nouns,general,NCERT Moments — In the Kingdom of Fools
word,Disciple,disciples; शिष्य; شاگرد; Shagird,"A follower of a teacher, leader or set of beliefs.","शिष्य · شاگرد (Shagird)

**In use**

- The disciple grew fat on cheap food and would not leave the kingdom of fools.

*From NCERT Moments — In the Kingdom of Fools.*",nouns,general,NCERT Moments — In the Kingdom of Fools
word,Mausoleum,mausoleums; मकबरा; مقبرہ; Maqbara,A grand building that holds a tomb.,"मकबरा · مقبرہ (Maqbara)

**In use**

- The Happy Prince's statue was later melted down; his leaden heart would not melt.

*From NCERT Moments — The Happy Prince.*",nouns,general,NCERT Moments — The Happy Prince
word,Garret,garrets; अटारी; اٹاری; Atari,"A small room at the very top of a house, under the roof.","अटारी · اٹاری (Atari)

**In use**

- The young playwright in his garret was too cold and hungry to finish his play.

*From NCERT Moments — The Happy Prince.*",nouns,general,NCERT Moments — The Happy Prince
word,Devastate,devastated; devastating; devastation; तबाह करना; تباہ کرنا; Tabah karna,To destroy completely; to overwhelm with shock.,"तबाह करना · تباہ کرنا (Tabah karna)

**In use**

- The super-cyclone devastated Ersama in October 1999.

*From NCERT Moments — Weathering the Storm in Ersama.*",verbs,general,NCERT Moments — Weathering the Storm in Ersama
word,Debris,मलबा; ملبہ; Malba,Scattered broken pieces left after something is destroyed.,"मलबा · ملبہ (Malba)

**In use**

- Prashant waded through debris and floating bodies to reach his village.

*From NCERT Moments — Weathering the Storm in Ersama.*",nouns,general,NCERT Moments — Weathering the Storm in Ersama
word,Sanctuary,sanctuaries; शरण स्थल; پناہ گاہ; Panah-gah,A safe place; a place of protection.,"शरण स्थल · پناہ گاہ (Panah-gah)

**In use**

- The Red Cross shelter became a sanctuary for hundreds of survivors.

*From NCERT Moments — Weathering the Storm in Ersama.*",nouns,general,NCERT Moments — Weathering the Storm in Ersama
word,Pneumonia,निमोनिया; نمونیا; Pneumonia,A serious infection of the lungs.,"निमोनिया · نمونیا (Pneumonia)

**In use**

- Johnsy lay ill with pneumonia, counting the ivy leaves outside her window.

*From NCERT Moments — The Last Leaf.*",nouns,general,NCERT Moments — The Last Leaf
word,Masterpiece,masterpieces; उत्कृष्ट कृति; شاہکار; Shahkar,A person's best and greatest piece of work.,"उत्कृष्ट कृति · شاہکار (Shahkar)

**In use**

- Behrman's masterpiece was the last leaf, painted on the wall the night the real one fell.

*From NCERT Moments — The Last Leaf.*",nouns,general,NCERT Moments — The Last Leaf
word,Awkward,"awkwardly; awkwardness; असहज, अटपटा; بے تکا، شرمندہ; Be-tuka","Uncomfortable, embarrassed or clumsy.","असहज, अटपटा · بے تکا، شرمندہ (Be-tuka)

**In use**

- Zan felt awkward in the new school, an outsider whose house had just burned down.

*From NCERT Moments — A House Is Not a Home.*",describing,general,NCERT Moments — A House Is Not a Home
word,Ordeal,ordeals; कठिन परीक्षा; کڑی آزمائش; Kari aazmaish,A painful or difficult experience that lasts a while.,"कठिन परीक्षा · کڑی آزمائش (Kari aazmaish)

**In use**

- The fire, the lost cat, the new school — an ordeal that ended with a kitten and new friends.

*From NCERT Moments — A House Is Not a Home.*",nouns,general,NCERT Moments — A House Is Not a Home
word,Bumbling,"bumble; bumbler; अनाड़ीपन से, लड़खड़ाता; اناڑی; Anari","Acting in a confused, clumsy way.","अनाड़ीपन से, लड़खड़ाता · اناڑی (Anari)

**In use**

- Bill Bryson calls himself a bumbling traveller who spills, drops and loses things.

*From NCERT Moments — The Accidental Tourist.*",describing,general,NCERT Moments — The Accidental Tourist
word,Catastrophe,"catastrophes; catastrophic; विपत्ति, महाविनाश; تباہی; Tabahi",A sudden disaster.,"विपत्ति, महाविनाश · تباہی (Tabahi)

**In use**

- Bryson's attempt to open a bag of nuts on a plane ends in catastrophe — nuts everywhere.

*From NCERT Moments — The Accidental Tourist.*",nouns,general,NCERT Moments — The Accidental Tourist
word,Kopeck,kopecks; कोपेक (रूसी सिक्का); کوپیک; Kopeck,"A small Russian coin, one hundredth of a rouble.","कोपेक (रूसी सिक्का) · کوپیک (Kopeck)

**In use**

- The beggar asked for a kopeck; Sergei offered him work chopping wood instead.

*From NCERT Moments — The Beggar.*",nouns,general,NCERT Moments — The Beggar
word,Slander,"slandered; slanderous; मानहानि, झूठा आरोप; بہتان; Bohtan",A false spoken statement that damages a person's reputation.,"मानहानि, झूठा आरोप · بہتان (Bohtan)

**In use**

- Lushkoff had lost his job through slander, or so he claimed on the street.

*From NCERT Moments — The Beggar.*",nouns,general,NCERT Moments — The Beggar
word,Hailstones,hail; hailstone; ओले; اولے; Olay,Small balls of ice that fall like rain.,"ओले · اولے (Olay)

**In use**

- Hailstones the size of silver coins destroyed Lencho's corn.

*From NCERT First Flight — A Letter to God.*",nouns,general,NCERT First Flight — A Letter to God
word,Amiable,amiably; मिलनसार; خوش مزاج; Khush-mizaj,Friendly and pleasant.,"मिलनसार · خوش مزاج (Khush-mizaj)

**In use**

- The postmaster, a fat, amiable fellow, decided to answer Lencho's letter himself.

*From NCERT First Flight — A Letter to God.*",describing,general,NCERT First Flight — A Letter to God
word,Resolution,resolutions; resolve; संकल्प; عزم; Azm,A firm decision; also the settling of a problem.,"संकल्प · عزم (Azm)

**In use**

- Lencho's resolution to write to God shows a faith the postmaster could not laugh at.

*From NCERT First Flight — A Letter to God.*",nouns,general,NCERT First Flight — A Letter to God
word,Emancipation,emancipate; emancipated; मुक्ति; آزادی، رہائی; Rihai,"Being set free from control, especially slavery or oppression.","मुक्ति · آزادی، رہائی (Rihai)

**In use**

- Mandela speaks of the country's emancipation from apartheid.

*From NCERT First Flight — Nelson Mandela: Long Walk to Freedom.*",nouns,general,NCERT First Flight — Nelson Mandela: Long Walk to Freedom
word,Apartheid,रंगभेद; نسلی امتیاز; Nasli imtiaz,The former South African system of racial separation and white rule.,"रंगभेद · نسلی امتیاز (Nasli imtiaz)

**In use**

- Apartheid created one of the harshest, most inhumane societies the world has known.

*From NCERT First Flight — Nelson Mandela: Long Walk to Freedom.*",nouns,general,NCERT First Flight — Nelson Mandela: Long Walk to Freedom
word,Inclination,inclined; झुकाव; رجحان; Rujhan,A natural tendency or leaning towards something.,"झुकाव · رجحان (Rujhan)

**In use**

- Mandela's inclination towards freedom was born in the moment he saw his own was taken.

*From NCERT First Flight — Nelson Mandela: Long Walk to Freedom.*",nouns,general,NCERT First Flight — Nelson Mandela: Long Walk to Freedom
word,Transitory,क्षणिक; عارضی; Aarzi,Lasting only a short time.,"क्षणिक · عارضی (Aarzi)

**In use**

- The boyhood freedoms Mandela remembers were transitory.

*From NCERT First Flight — Nelson Mandela: Long Walk to Freedom.*",describing,general,NCERT First Flight — Nelson Mandela: Long Walk to Freedom
word,Plunge,"plunged; plunging; छलांग लगाना, गिरना; غوطہ لگانا; Ghota lagana",To fall or dive suddenly and steeply.,"छलांग लगाना, गिरना · غوطہ لگانا (Ghota lagana)

**In use**

- The young seagull plunged from the ledge and found his wings held him.

*From NCERT First Flight — Two Stories about Flying.*",verbs,general,NCERT First Flight — Two Stories about Flying
word,Devour,"devoured; devouring; निगल जाना, भकोसना; ہڑپ کرنا; Harap karna",To eat greedily and fast.,"निगल जाना, भकोसना · ہڑپ کرنا (Harap karna)

**In use**

- The seagull devoured the fish his mother dropped at last.

*From NCERT First Flight — Two Stories about Flying.*",verbs,general,NCERT First Flight — Two Stories about Flying
word,Ecstatic,ecstasy; आनंदविभोर; بے حد خوش; Be-had khush,Wildly happy.,"आनंदविभोर · بے حد خوش (Be-had khush)

**In use**

- Anne says she is ecstatic when she can finally write freely in her diary.

*From NCERT First Flight — From the Diary of Anne Frank.*",describing,general,NCERT First Flight — From the Diary of Anne Frank
word,Chatterbox,chatterboxes; बातूनी; باتونی; Baatooni,Someone who talks a great deal.,"बातूनी · باتونی (Baatooni)

**In use**

- Mr Keesing set Anne an essay titled ""A Chatterbox"" as punishment for talking.

*From NCERT First Flight — From the Diary of Anne Frank.*",nouns,general,NCERT First Flight — From the Diary of Anne Frank
word,Ramble,rambled; rambling; बिना सिर-पैर बोलना; بے ربط بولنا; Be-rabt bolna,To talk or write at length without a clear point; also to wander.,"बिना सिर-पैर बोलना · بے ربط بولنا (Be-rabt bolna)

**In use**

- Anne's essay rambled on purpose, and her teacher laughed.

*From NCERT First Flight — From the Diary of Anne Frank.*",verbs,general,NCERT First Flight — From the Diary of Anne Frank
word,Coorgi,Coorg; Kodava; कुर्ग निवासी; کورگ کا باشندہ; Coorg ka bashinda,A person from Coorg (Kodagu) in Karnataka.,"कुर्ग निवासी · کورگ کا باشندہ (Coorg ka bashinda)

**In use**

- The Coorgi people are said to descend from Greeks or Arabs; the men are fiercely independent.

*From NCERT First Flight — Glimpses of India.*",nouns,general,NCERT First Flight — Glimpses of India
word,Loaves,loaf; पावरोटियाँ; ڈبل روٹیاں; Double rotiyan,Plural of loaf — a shaped mass of baked bread.,"पावरोटियाँ · ڈبل روٹیاں (Double rotiyan)

**In use**

- The Goan baker's loaves were counted out to the children who followed his bamboo staff.

*From NCERT First Flight — Glimpses of India.*",nouns,general,NCERT First Flight — Glimpses of India
word,Monotonous,monotony; नीरस; یکسانیت بھرا، اکتا دینے والا; Yaksaniyat-bhara,"Dull and repetitive, always the same.","नीरस · یکسانیت بھرا، اکتا دینے والا (Yaksaniyat-bhara)

**In use**

- Assam's tea pickers moved through the monotonous green in the afternoon light.

*From NCERT First Flight — Glimpses of India.*",describing,general,NCERT First Flight — Glimpses of India
word,Otter,otters; ऊदबिलाव; اودبلاؤ; Udbilao,"A playful, fish-eating mammal that lives near water.","ऊदबिलाव · اودبلاؤ (Udbilao)

**In use**

- Mijbil the otter travelled from Iraq to London in a box, and then in a basin of water.

*From NCERT First Flight — Mijbil the Otter.*",nouns,general,NCERT First Flight — Mijbil the Otter
word,Marmalade,संतरे का मुरब्बा; مالٹے کا مربہ; Malte ka murabba,"A jam made from citrus fruit, usually oranges.","संतरे का मुरब्बा · مالٹے کا مربہ (Malte ka murabba)

**In use**

- Mij's fur was the colour of marmalade — hence the name.

*From NCERT First Flight — Mijbil the Otter.*",nouns,general,NCERT First Flight — Mijbil the Otter
word,Compulsion,"compulsive; compel; मजबूरी, प्रबल इच्छा; مجبوری; Majboori",A strong urge that is hard to resist; also force.,"मजबूरी, प्रबल इच्छा · مجبوری (Majboori)

**In use**

- Mij had a compulsion to play with water — a running tap was irresistible.

*From NCERT First Flight — Mijbil the Otter.*",nouns,general,NCERT First Flight — Mijbil the Otter
word,Thrilling,thrill; thrilled; रोमांचक; سنسنی خیز; Sansani-khez,Very exciting.,"रोमांचक · سنسنی خیز (Sansani-khez)

**In use**

- Valli's first bus ride was thrilling — every canal and palm tree new.

*From NCERT First Flight — Madam Rides the Bus.*",describing,general,NCERT First Flight — Madam Rides the Bus
word,Repulsive,repulsion; घिनौना; گھناؤنا; Ghinauna,Causing strong dislike or disgust.,"घिनौना · گھناؤنا (Ghinauna)

**In use**

- The dead cow on the road, once running so joyfully, was a repulsive sight to Valli.

*From NCERT First Flight — Madam Rides the Bus.*",describing,general,NCERT First Flight — Madam Rides the Bus
word,Mortal,mortals; mortality; नश्वर; فانی; Fani,Subject to death; human.,"नश्वर · فانی (Fani)

**In use**

- The Buddha tells Kisa Gotami that mortals are always dying; grief cannot change it.

*From NCERT First Flight — The Sermon at Benares.*",describing,general,NCERT First Flight — The Sermon at Benares
word,Enlightenment,"enlightened; ज्ञानोदय, बोध; روشن خیالی، معرفت; Marifat",A state of deep spiritual understanding; the Buddha's awakening.,"ज्ञानोदय, बोध · روشن خیالی، معرفت (Marifat)

**In use**

- Gautama attained enlightenment under a peepal tree and became the Buddha.

*From NCERT First Flight — The Sermon at Benares.*",nouns,general,NCERT First Flight — The Sermon at Benares
word,Hypochondriac,hypochondria; काल्पनिक रोगी; وہمی مریض; Wahmi mareez,A person who constantly worries about being ill.,"काल्पनिक रोगी · وہمی مریض (Wahmi mareez)

**In use**

- Lomov, a hypochondriac, feels palpitations at every argument in The Proposal.

*From NCERT First Flight — The Proposal.*",nouns,general,NCERT First Flight — The Proposal
word,Palpitation,"palpitations; धड़कन, घबराहट; دھڑکن; Dharkan","A fast, fluttering heartbeat.","धड़कन, घबराहट · دھڑکن (Dharkan)

**In use**

- ""My heart! I'm having a palpitation"" — Lomov, mid-quarrel over the Oxen Meadows.

*From NCERT First Flight — The Proposal.*",nouns,general,NCERT First Flight — The Proposal
word,Hemlock,हेमलॉक (एक ज़हरीला पौधा); ہیملاک; Hemlock,A poisonous plant; a tree of the pine family.,"हेमलॉक (एक ज़हरीला पौधा) · ہیملاک (Hemlock)

**In use**

- ""The way a crow shook down on me the dust of snow from a hemlock tree.""

*From NCERT First Flight — Dust of Snow (poem).*",nouns,general,NCERT First Flight — Dust of Snow (poem)
word,Perish,perished; perishing; नष्ट होना; فنا ہونا; Fana hona,To die or be destroyed.,"नष्ट होना · فنا ہونا (Fana hona)

**In use**

- ""Some say the world will end in fire… to say that for destruction ice is also great and would suffice.""

*From NCERT First Flight — Fire and Ice (poem).*",verbs,general,NCERT First Flight — Fire and Ice (poem)
word,Suffice,sufficed; sufficient; पर्याप्त होना; کافی ہونا; Kaafi hona,To be enough.,"पर्याप्त होना · کافی ہونا (Kaafi hona)

**In use**

- Ice, says Frost, ""would suffice"" to end the world.

*From NCERT First Flight — Fire and Ice (poem).*",verbs,general,NCERT First Flight — Fire and Ice (poem)
word,Lurk,lurked; lurking; घात लगाना; گھات لگانا; Ghaat lagana,"To wait hidden, often with bad intent.","घात लगाना · گھات لگانا (Ghaat lagana)

**In use**

- The tiger should be lurking in the shadow, sliding through long grass — not pacing a cage.

*From NCERT First Flight — A Tiger in the Zoo (poem).*",verbs,general,NCERT First Flight — A Tiger in the Zoo (poem)
word,Hyena,hyenas; लकड़बग्घा; لکڑبگھا; Lakarbagha,A dog-like animal known for its laughing cry.,"लकड़बग्घा · لکڑبگھا (Lakarbagha)

**In use**

- ""If he laughs like a merry maid, he is the hyena.""

*From NCERT First Flight — How to Tell Wild Animals (poem).*",nouns,general,NCERT First Flight — How to Tell Wild Animals (poem)
word,Epistle,epistles; पत्र; خط، مکتوب; Maktoob,"A letter, especially a long or formal one.","पत्र · خط، مکتوب (Maktoob)

**In use**

- ""Nay, there's a deeper reason… a letter — an epistle — would not do"" — Amanda's world of daydream.

*From NCERT First Flight — Amanda! (poem).*",nouns,general,NCERT First Flight — Amanda! (poem)
word,Moody,"moodily; moods; मूडी, चिड़चिड़ा; بدمزاج; Bad-mizaj",Prone to sudden changes of mood; sulky.,"मूडी, चिड़चिड़ा · بدمزاج (Bad-mizaj)

**In use**

- ""Don't be moody, Amanda!"" — the constant nagging the poem is built on.

*From NCERT First Flight — Amanda! (poem).*",describing,general,NCERT First Flight — Amanda! (poem)
word,Realio,(गढ़ा गया शब्द — सचमुच); (خود ساختہ لفظ — واقعی); Realio,"A made-up word, used with ""trulio"", meaning really and truly.","(गढ़ा गया शब्द — सचमुच) · (خود ساختہ لفظ — واقعی) (Realio)

**In use**

- Custard the dragon ""was a realio, trulio, little pet dragon"".

*From NCERT First Flight — The Tale of Custard the Dragon (poem).*",nouns,general,NCERT First Flight — The Tale of Custard the Dragon (poem)
word,Despair,despaired; despairing; निराशा; مایوسی; Mayoosi,Complete loss of hope.,"निराशा · مایوسی (Mayoosi)

**In use**

- ""Never shall a young man, thrown into despair by those great honey-coloured ramparts…""

*From NCERT First Flight — For Anne Gregory (poem).*",nouns,general,NCERT First Flight — For Anne Gregory (poem)
word,Bloated,bloat; फूला हुआ; پھولا ہوا; Phoola hua,"Swollen, especially from too much food or water.","फूला हुआ · پھولا ہوا (Phoola hua)

**In use**

- Tricki the dog was bloated from too many treats — ""like a bloated sausage"".

*From NCERT Footprints — A Triumph of Surgery.*",describing,general,NCERT Footprints — A Triumph of Surgery
word,Distraught,व्याकुल; پریشان حال; Pareshan-haal,Extremely worried and upset.,"व्याकुल · پریشان حال (Pareshan-haal)

**In use**

- Mrs Pumphrey was distraught when Herriot took Tricki to the surgery.

*From NCERT Footprints — A Triumph of Surgery.*",describing,general,NCERT Footprints — A Triumph of Surgery
word,Convalescing,convalesce; convalescence; स्वास्थ्य लाभ करना; صحت یاب ہونا; Sehat-yaab hona,Recovering gradually after an illness.,"स्वास्थ्य लाभ करना · صحت یاب ہونا (Sehat-yaab hona)

**In use**

- Tricki was ""convalescing"" — really just running with the other dogs and eating nothing extra.

*From NCERT Footprints — A Triumph of Surgery.*",verbs,general,NCERT Footprints — A Triumph of Surgery
word,Flattered,flatter; flattering; flattery; प्रशंसा से प्रसन्न; خوشامد سے خوش; Khushamad se khush,"Pleased by praise, sometimes insincere praise.","प्रशंसा से प्रसन्न · خوشامد سے خوش (Khushamad se khush)

**In use**

- Anil was flattered when the thief said he wanted to work for him.

*From NCERT Footprints — The Thief's Story.*",verbs,general,NCERT Footprints — The Thief's Story
word,Deserted,desert; deserting; सुनसान; ویران; Veeran,Empty of people; abandoned.,"सुनसान · ویران (Veeran)

**In use**

- The deserted road at midnight is where the thief, Hari Singh, stood with Anil's money.

*From NCERT Footprints — The Thief's Story.*",describing,general,NCERT Footprints — The Thief's Story
word,Wharf,wharves; घाट; گھاٹ; Ghaat,A platform built on a shore for loading and unloading boats.,"घाट · گھاٹ (Ghaat)

**In use**

- Ausable's room had a view of the wharf — or so he told Max about the balcony.

*From NCERT Footprints — The Midnight Visitor.*",nouns,general,NCERT Footprints — The Midnight Visitor
word,Espionage,spy; spying; जासूसी; جاسوسی; Jasoosi,The work of spying.,"जासूसी · جاسوسی (Jasoosi)

**In use**

- Ausable did not fit the picture of espionage that Fowler had read about in books.

*From NCERT Footprints — The Midnight Visitor.*",nouns,general,NCERT Footprints — The Midnight Visitor
word,Passably,passable; ठीक-ठाक; ٹھیک ٹھاک; Theek-thaak,Reasonably well; well enough.,"ठीक-ठाक · ٹھیک ٹھاک (Theek-thaak)

**In use**

- Ausable spoke French and German passably, with an American accent.

*From NCERT Footprints — The Midnight Visitor.*",describing,general,NCERT Footprints — The Midnight Visitor
word,Burglar,"burglary; burglars; सेंधमार, चोर; چور، نقب زن; Naqab-zan",A person who breaks into a building to steal.,"सेंधमार, चोर · چور، نقب زن (Naqab-zan)

**In use**

- Horace Danby was a burglar who robbed one safe a year, for rare books.

*From NCERT Footprints — A Question of Trust.*",nouns,general,NCERT Footprints — A Question of Trust
word,Culprit,culprits; अपराधी; مجرم; Mujrim,The person responsible for a crime or fault.,"अपराधी · مجرم (Mujrim)

**In use**

- The lady in red was the real culprit; Horace went to prison for her robbery.

*From NCERT Footprints — A Question of Trust.*",nouns,general,NCERT Footprints — A Question of Trust
word,Sinister,"अशुभ, भयावह; منحوس; Manhoos",Seeming evil or threatening.,"अशुभ, भयावह · منحوس (Manhoos)

**In use**

- Griffin, the invisible scientist, was a lawless, sinister figure.

*From NCERT Footprints — Footprints without Feet.*",describing,general,NCERT Footprints — Footprints without Feet
word,Solitary,solitude; एकाकी; تنہا; Tanha,Alone; without companions.,"एकाकी · تنہا (Tanha)

**In use**

- Griffin chose a solitary life in the village inn — until his invisibility gave him away.

*From NCERT Footprints — Footprints without Feet.*",describing,general,NCERT Footprints — Footprints without Feet
word,Curator,curators; संग्रहाध्यक्ष; منتظمِ عجائب گھر; Muntazim,A person in charge of a museum or collection.,"संग्रहाध्यक्ष · منتظمِ عجائب گھر (Muntazim)

**In use**

- Richard Ebright was helped by a curator who suggested the viceroy butterfly project.

*From NCERT Footprints — The Making of a Scientist.*",nouns,general,NCERT Footprints — The Making of a Scientist
word,Monarch,monarchs; मोनार्क तितली; सम्राट; مونارک تتلی; بادشاہ; Monarch,A butterfly with orange and black wings; also a king or queen.,"मोनार्क तितली; सम्राट · مونارک تتلی; بادشاہ (Monarch)

**In use**

- Ebright raised thousands of monarch butterflies and tagged them for the scientists.

*From NCERT Footprints — The Making of a Scientist.*",nouns,general,NCERT Footprints — The Making of a Scientist
word,Fortnight,fortnights; पखवाड़ा; پندرہ دن; Pandrah din,Two weeks.,"पखवाड़ा · پندرہ دن (Pandrah din)

**In use**

- Matilda borrowed the necklace for one night and lost it — the couple searched for a fortnight.

*From NCERT Footprints — The Necklace.*",nouns,general,NCERT Footprints — The Necklace
word,Usurer,usury; usurers; सूदखोर; سود خور; Sood-khor,A person who lends money at very high interest.,"सूदखोर · سود خور (Sood-khor)

**In use**

- Loisel borrowed from usurers to buy a diamond necklace worth thirty-six thousand francs.

*From NCERT Footprints — The Necklace.*",nouns,general,NCERT Footprints — The Necklace
word,Numaish,"प्रदर्शनी, मेला; نمائش; Numaish",Exhibition; fair (from Urdu).,"प्रदर्शनी, मेला · نمائش (Numaish)

**In use**

- Bholi's father said the school was like a numaish where girls learned nothing.

*From NCERT Footprints — Bholi.*",nouns,general,NCERT Footprints — Bholi
word,Stammer,stammered; stammering; हकलाना; ہکلانا; Haklana,"To speak with pauses and repeated sounds, from nerves or a speech difficulty.","हकलाना · ہکلانا (Haklana)

**In use**

- Bholi stammered, and the children laughed — until the teacher's patience changed her.

*From NCERT Footprints — Bholi.*",verbs,general,NCERT Footprints — Bholi
word,Squiggle,squiggles; टेढ़ी-मेढ़ी लकीर; ٹیڑھی میڑھی لکیر; Terhi-merhi lakeer,"A short, twisting line or mark.","टेढ़ी-मेढ़ी लकीर · ٹیڑھی میڑھی لکیر (Terhi-merhi lakeer)

**In use**

- The Martians thought the squiggles in the book were a code — it was only a nursery rhyme.

*From NCERT Footprints — The Book That Saved the Earth.*",nouns,general,NCERT Footprints — The Book That Saved the Earth
word,Absurd,absurdity; बेतुका; بے تکا; Be-tuka,Ridiculous; making no sense.,"बेतुका · بے تکا (Be-tuka)

**In use**

- The narrator found it absurd that his grandmother had once been young and pretty.

*From NCERT Hornbill — The Portrait of a Lady.*",describing,general,NCERT Hornbill — The Portrait of a Lady
word,Rosary,rosaries; माला; تسبیح; Tasbeeh,A string of beads used for counting prayers.,"माला · تسبیح (Tasbeeh)

**In use**

- Grandmother's fingers were always busy telling the beads of her rosary.

*From NCERT Hornbill — The Portrait of a Lady.*",nouns,general,NCERT Hornbill — The Portrait of a Lady
word,Seclusion,secluded; एकांत; تنہائی; Tanhai,Being kept away from others; privacy.,"एकांत · تنہائی (Tanhai)

**In use**

- In the city, grandmother accepted her seclusion with the sparrows for company.

*From NCERT Hornbill — The Portrait of a Lady.*",nouns,general,NCERT Hornbill — The Portrait of a Lady
word,Honing,hone; honed; निखारना; نکھارنا; Nikharna,Sharpening or improving a skill.,"निखारना · نکھارنا (Nikharna)

**In use**

- The family spent months honing their seafaring skills before the round-the-world voyage.

*From NCERT Hornbill — We're Not Afraid to Die.*",verbs,general,NCERT Hornbill — We're Not Afraid to Die
word,Ominous,omen; अशुभ; منحوس; Manhoos,Suggesting that something bad is going to happen.,"अशुभ · منحوس (Manhoos)

**In use**

- An ominous silence — the wind dropped, and then the wave the size of a cloud came.

*From NCERT Hornbill — We're Not Afraid to Die.*",describing,general,NCERT Hornbill — We're Not Afraid to Die
word,Dinghy,dinghies; छोटी नाव; چھوٹی کشتی; Chhoti kashti,A small open boat.,"छोटी नाव · چھوٹی کشتی (Chhoti kashti)

**In use**

- They had to decide whether to abandon the Wavewalker for the dinghy.

*From NCERT Hornbill — We're Not Afraid to Die.*",nouns,general,NCERT Hornbill — We're Not Afraid to Die
word,Mummy,mummies; mummified; ममी; حنوط شدہ لاش; Hanoot-shuda laash,"A body preserved by embalming, especially in ancient Egypt.","ममी · حنوط شدہ لاش (Hanoot-shuda laash)

**In use**

- Tut's mummy was scanned in 2005 to learn how he died.

*From NCERT Hornbill — Discovering Tut.*",nouns,general,NCERT Hornbill — Discovering Tut
word,Resurrection,resurrect; पुनरुत्थान; قیامت، دوبارہ زندگی; Dobara zindagi,Coming back to life after death.,"पुनरुत्थान · قیامت، دوبارہ زندگی (Dobara zindagi)

**In use**

- The Egyptians believed in resurrection, so the body had to be preserved.

*From NCERT Hornbill — Discovering Tut.*",nouns,general,NCERT Hornbill — Discovering Tut
word,Pallbearer,pallbearers; अर्थी उठाने वाला; جنازہ اٹھانے والا; Janaza uthane wala,A person who helps carry a coffin at a funeral.,"अर्थी उठाने वाला · جنازہ اٹھانے والا (Janaza uthane wala)

**In use**

- Tut's body was carried like a pallbearer's burden into the CT scanner.

*From NCERT Hornbill — Discovering Tut.*",nouns,general,NCERT Hornbill — Discovering Tut
word,Delicacy,delicacies; नज़ाकत; स्वादिष्ट व्यंजन; نزاکت; Nazakat,"Fine, careful skill; also a rare, fine food.","नज़ाकत; स्वादिष्ट व्यंजन · نزاکت (Nazakat)

**In use**

- Wu Daozi's landscape had a delicacy the Emperor admired — and then it swallowed the painter.

*From NCERT Hornbill — Landscape of the Soul.*",nouns,general,NCERT Hornbill — Landscape of the Soul
word,Illusionistic,illusion; भ्रमपूर्ण यथार्थ का; فریبِ نظر پیدا کرنے والا; Fareb-e-nazar,"Creating the appearance of reality, especially in art.","भ्रमपूर्ण यथार्थ का · فریبِ نظر پیدا کرنے والا (Fareb-e-nazar)

**In use**

- European art is illusionistic; the Chinese painter wants you to enter the painting.

*From NCERT Hornbill — Landscape of the Soul.*",describing,general,NCERT Hornbill — Landscape of the Soul
word,Sustainable,sustainability; टिकाऊ; پائیدار; Paidar,Able to continue without using up resources.,"टिकाऊ · پائیدار (Paidar)

**In use**

- The Ailing Planet argues for sustainable development that does not rob the future.

*From NCERT Hornbill — The Ailing Planet.*",describing,general,NCERT Hornbill — The Ailing Planet
word,Catastrophic,catastrophe; विनाशकारी; تباہ کن; Tabah-kun,Disastrous on a huge scale.,"विनाशकारी · تباہ کن (Tabah-kun)

**In use**

- Deforestation is proceeding at a catastrophic rate — forty to fifty million acres a year.

*From NCERT Hornbill — The Ailing Planet.*",describing,general,NCERT Hornbill — The Ailing Planet
word,Hollow,hollowness; खोखला; کھوکھلا; Khokhla,Empty inside; also insincere.,"खोखला · کھوکھلا (Khokhla)

**In use**

- Taplow finds Crocker-Harris's manner hollow — ""hardly human"".

*From NCERT Hornbill — The Browning Version.*",describing,general,NCERT Hornbill — The Browning Version
word,Sadist,sadistic; दूसरों को कष्ट देकर आनंद लेने वाला; دوسروں کو تکلیف دے کر لطف لینے والا; Aziyat-pasand,Someone who enjoys causing others pain.,"दूसरों को कष्ट देकर आनंद लेने वाला · دوسروں کو تکلیف دے کر لطف لینے والا (Aziyat-pasand)

**In use**

- ""He's not a sadist, he's just hardly human,"" Taplow says of his teacher.

*From NCERT Hornbill — The Browning Version.*",nouns,general,NCERT Hornbill — The Browning Version
word,Individuality,individual; व्यक्तित्व; انفرادیت; Infiradiyat,The quality that makes one person distinct from others.,"व्यक्तित्व · انفرادیت (Infiradiyat)

**In use**

- Childhood ends, the poet decides, when you find your individuality.

*From NCERT Hornbill — Childhood (poem).*",nouns,general,NCERT Hornbill — Childhood (poem)
word,Hypocrisy,hypocrite; hypocritical; पाखंड; منافقت; Munafiqat,Claiming to have beliefs you do not act on.,"पाखंड · منافقت (Munafiqat)

**In use**

- Adults preach love yet do not act lovingly — the child notices hypocrisy.

*From NCERT Hornbill — Childhood (poem).*",nouns,general,NCERT Hornbill — Childhood (poem)
word,Prodigal,"prodigal; उड़ाऊ, लौटा हुआ बेटा; فضول خرچ; Fuzool-kharch",A wasteful person; the son who leaves and returns (biblical).,"उड़ाऊ, लौटा हुआ बेटा · فضول خرچ (Fuzool-kharch)

**In use**

- ""I would have him prodigal, returning to his father's house"" — Father to Son.

*From NCERT Hornbill — Father to Son (poem).*",nouns,general,NCERT Hornbill — Father to Son (poem)
word,Nomad,nomads; nomadic; घुमंतू; خانہ بدوش; Khana-badosh,A person who moves from place to place with no fixed home.,"घुमंतू · خانہ بدوش (Khana-badosh)

**In use**

- On the Silk Road the nomads' tents dot the pastures as Vikram Seth climbs towards Mount Kailash.

*From NCERT Hornbill — Silk Road.*",nouns,general,NCERT Hornbill — Silk Road
word,Pilgrimage,pilgrim; pilgrimages; तीर्थयात्रा; زیارت; Ziyarat,A journey to a sacred place.,"तीर्थयात्रा · زیارت (Ziyarat)

**In use**

- Seth's kora around Kailash is a pilgrimage, and he wants the paperwork before he starts.

*From NCERT Hornbill — Silk Road.*",nouns,general,NCERT Hornbill — Silk Road
word,Cardboard,गत्ता; گتا; Gatta,"Thick, stiff paper; used in the poem for a photograph's mount.","गत्ता · گتا (Gatta)

**In use**

- ""The cardboard shows me how it was"" — the photograph of the mother as a girl.

*From NCERT Hornbill — A Photograph (poem).*",nouns,general,NCERT Hornbill — A Photograph (poem)
word,Transient,transience; क्षणभंगुर; عارضی; Aarzi,Passing quickly; not lasting.,"क्षणभंगुर · عارضی (Aarzi)

**In use**

- The sea, which changed less, and the transient feet of the girls on the sand.

*From NCERT Hornbill — A Photograph (poem).*",describing,general,NCERT Hornbill — A Photograph (poem)
word,Laburnum,लैबर्नम (पीले फूलों वाला वृक्ष); لابرنم; Laburnum,A small tree with hanging clusters of yellow flowers.,"लैबर्नम (पीले फूलों वाला वृक्ष) · لابرنم (Laburnum)

**In use**

- ""The Laburnum top is silent, quite still"" — until the goldfinch arrives.

*From NCERT Hornbill — The Laburnum Top (poem).*",nouns,general,NCERT Hornbill — The Laburnum Top (poem)
word,Lunatic,lunacy; पागल; پاگل; Pagal,A mad or wildly foolish person.,"पागल · پاگل (Pagal)

**In use**

- ""He was crazy… every branch of the family had a crazy streak"" — Mourad was the family's lunatic.

*From NCERT Snapshots — The Summer of the Beautiful White Horse.*",nouns,general,NCERT Snapshots — The Summer of the Beautiful White Horse
word,Hoof,hooves; खुर; سُم; Sum,The hard part of a horse's foot.,"खुर · سُم (Sum)

**In use**

- The white horse's hooves on the road at dawn — Aram thought he was dreaming.

*From NCERT Snapshots — The Summer of the Beautiful White Horse.*",nouns,general,NCERT Snapshots — The Summer of the Beautiful White Horse
word,Furtive,furtively; चोरी-छिपे; چوری چھپے; Chori-chhupe,Secretive; trying not to be noticed.,"चोरी-छिपे · چوری چھپے (Chori-chhupe)

**In use**

- The boys rode furtively at dawn so no one would see the stolen horse.

*From NCERT Snapshots — The Summer of the Beautiful White Horse.*",describing,general,NCERT Snapshots — The Summer of the Beautiful White Horse
word,Resign,"resigned; resignation; समर्पण करना, स्वीकार कर लेना; قبول کر لینا; Qubool kar lena",To accept something unpleasant as unavoidable.,"समर्पण करना, स्वीकार कर लेना · قبول کر لینا (Qubool kar lena)

**In use**

- The narrator resigned herself to never seeing her mother's belongings again — then found them in a stranger's house.

*From NCERT Snapshots — The Address.*",verbs,general,NCERT Snapshots — The Address
word,Bragging,brag; bragged; शेखी बघारना; شیخی بگھارنا; Sheikhi bagharna,Boasting; talking with too much pride about yourself.,"शेखी बघारना · شیخی بگھارنا (Sheikhi bagharna)

**In use**

- Ranga's father did not go bragging about his son's return, but half the village came anyway.

*From NCERT Snapshots — Ranga's Marriage.*",verbs,general,NCERT Snapshots — Ranga's Marriage
word,Astrologer,astrology; ज्योतिषी; نجومی; Najoomi,A person who claims to read fortunes in the stars.,"ज्योतिषी · نجومی (Najoomi)

**In use**

- The narrator arranged for the astrologer to ""discover"" Ratna's name in the stars.

*From NCERT Snapshots — Ranga's Marriage.*",nouns,general,NCERT Snapshots — Ranga's Marriage
word,Anxiety,anxious; anxieties; चिंता; بے چینی; Be-chaini,Worry or nervousness.,"चिंता · بے چینی (Be-chaini)

**In use**

- Einstein's anxiety at school — a place he called a hateful ""prison"".

*From NCERT Snapshots — Albert Einstein at School.*",nouns,general,NCERT Snapshots — Albert Einstein at School
word,Diploma,diplomas; डिप्लोमा; ڈپلومہ; Diploma,A certificate showing a course has been completed.,"डिप्लोमा · ڈپلومہ (Diploma)

**In use**

- Einstein left school without a diploma, with a medical certificate that said he needed rest.

*From NCERT Snapshots — Albert Einstein at School.*",nouns,general,NCERT Snapshots — Albert Einstein at School
word,Docility,docile; आज्ञाकारिता; فرمانبرداری; Farmanbardari,Quiet readiness to obey.,"आज्ञाकारिता · فرمانبرداری (Farmanbardari)

**In use**

- Mrs Pearson's docility is what her family exploit — until Mrs Fitzgerald swaps bodies with her.

*From NCERT Snapshots — Mother's Day.*",nouns,general,NCERT Snapshots — Mother's Day
word,Wheedle,wheedled; wheedling; फुसलाना; پھسلانا; Phuslana,To persuade someone with flattery or coaxing.,"फुसलाना · پھسلانا (Phuslana)

**In use**

- Doris tries to wheedle her mother into ironing her dress — and meets a new mother.

*From NCERT Snapshots — Mother's Day.*",verbs,general,NCERT Snapshots — Mother's Day
word,Stillborn,मृतजात; مردہ پیدا شدہ; Murda paida-shuda,Born dead.,"मृतजात · مردہ پیدا شدہ (Murda paida-shuda)

**In use**

- The baby was stillborn — and then, after the doctor's effort, it breathed.

*From NCERT Snapshots — Birth.*",describing,general,NCERT Snapshots — Birth
word,Vigour,"vigorous; ओज, शक्ति; توانائی; Tawanai",Physical strength and energy.,"ओज, शक्ति · توانائی (Tawanai)

**In use**

- The doctor rubbed the child with vigour until it began to breathe.

*From NCERT Snapshots — Birth.*",nouns,general,NCERT Snapshots — Birth
word,Gallows,फाँसी का तख़्ता; پھانسی گھاٹ; Phansi ghaat,A frame used for hanging criminals.,"फाँसी का तख़्ता · پھانسی گھاٹ (Phansi ghaat)

**In use**

- In Melon City the gallows was built — and only the king's neck fitted the noose.

*From NCERT Snapshots — The Tale of Melon City.*",nouns,general,NCERT Snapshots — The Tale of Melon City
word,Placid,placidly; शांत; پرسکون; Pur-sukoon,Calm and peaceful; not easily upset.,"शांत · پرسکون (Pur-sukoon)

**In use**

- The king of Melon City was ""just and placid"" — and then he was hanged by his own law.

*From NCERT Snapshots — The Tale of Melon City.*",describing,general,NCERT Snapshots — The Tale of Melon City
word,Bulletin,"bulletins; बुलेटिन, सूचना पत्र; اعلان; Elaan",A short official announcement or report.,"बुलेटिन, सूचना पत्र · اعلان (Elaan)

**In use**

- The bulletin board had carried bad news for two years — lost battles, orders from Berlin.

*From NCERT Flamingo — The Last Lesson.*",nouns,general,NCERT Flamingo — The Last Lesson
word,Primer,primers; प्रारंभिक पाठ्यपुस्तक; ابتدائی کتاب; Ibtidai kitab,A first book for learning to read.,"प्रारंभिक पाठ्यपुस्तक · ابتدائی کتاب (Ibtidai kitab)

**In use**

- Old Hauser held his primer, spelling out the letters with the children.

*From NCERT Flamingo — The Last Lesson.*",nouns,general,NCERT Flamingo — The Last Lesson
word,Scavenge,scavenging; scavenger; कूड़ा बीनना; کوڑا چننا; Koora chunna,To search through waste for anything usable.,"कूड़ा बीनना · کوڑا چننا (Koora chunna)

**In use**

- Saheb scavenges the garbage dumps of Seemapuri for something that might be gold.

*From NCERT Flamingo — Lost Spring.*",verbs,general,NCERT Flamingo — Lost Spring
word,Perpetual,perpetually; निरंतर; دائمی; Daimi,Never ending or changing.,"निरंतर · دائمی (Daimi)

**In use**

- The bangle makers of Firozabad are trapped in a perpetual cycle of poverty and middlemen.

*From NCERT Flamingo — Lost Spring.*",describing,general,NCERT Flamingo — Lost Spring
word,Stigma,stigmatised; कलंक; بدنامی کا داغ; Badnami ka daagh,A mark of disgrace attached to a person or thing.,"कलंक · بدنامی کا داغ (Badnami ka daagh)

**In use**

- Poverty carries a stigma in Firozabad; the bangle makers do not dare organise.

*From NCERT Flamingo — Lost Spring.*",nouns,general,NCERT Flamingo — Lost Spring
word,Aversion,averse; घृणा; نفرت; Nafrat,A strong dislike.,"घृणा · نفرت (Nafrat)

**In use**

- Douglas's aversion to water began in the surf at Yakima, and grew at the YMCA pool.

*From NCERT Flamingo — Deep Water.*",nouns,general,NCERT Flamingo — Deep Water
word,Treacherous,"treachery; कपटी, ख़तरनाक; دغاباز، خطرناک; Dagha-baaz",Dangerous while appearing safe; also disloyal.,"कपटी, ख़तरनाक · دغاباز، خطرناک (Dagha-baaz)

**In use**

- The pool looked safe but was treacherous for a boy who could not swim.

*From NCERT Flamingo — Deep Water.*",describing,general,NCERT Flamingo — Deep Water
word,Terror,"terrified; terrorise; आतंक, भय; دہشت; Dehshat",Extreme fear.,"आतंक, भय · دہشت (Dehshat)

**In use**

- ""The terror that had chased me ceased to be a shadow"" — Douglas after he learned to swim.

*From NCERT Flamingo — Deep Water.*",nouns,general,NCERT Flamingo — Deep Water
word,Vagabond,vagabonds; आवारा; آوارہ; Awara,A person with no home who wanders from place to place.,"आवारा · آوارہ (Awara)

**In use**

- The rattrap peddler was a vagabond who saw the world as a great rattrap.

*From NCERT Flamingo — The Rattrap.*",nouns,general,NCERT Flamingo — The Rattrap
word,Ironmaster,लोहे के कारखाने का मालिक; لوہے کے کارخانے کا مالک; Karkhane ka malik,The owner or manager of an ironworks.,"लोहे के कारखाने का मालिक · لوہے کے کارخانے کا مالک (Karkhane ka malik)

**In use**

- The ironmaster mistook the peddler for an old army comrade and took him home.

*From NCERT Flamingo — The Rattrap.*",nouns,general,NCERT Flamingo — The Rattrap
word,Sharecropper,sharecroppers; sharecropping; बटाईदार; بٹائی دار; Batai-daar,A farmer who works land owned by another and gives part of the crop as rent.,"बटाईदार · بٹائی دار (Batai-daar)

**In use**

- The sharecroppers of Champaran had to grow indigo on fifteen percent of their land.

*From NCERT Flamingo — Indigo.*",nouns,general,NCERT Flamingo — Indigo
word,Indigo,नील; نیل; Neel,"A dark blue dye, and the plant it comes from.","नील · نیل (Neel)

**In use**

- Gandhi's Champaran campaign began with the sharecroppers forced to grow indigo.

*From NCERT Flamingo — Indigo.*",nouns,general,NCERT Flamingo — Indigo
word,Pancake,pancakes; पैनकेक (एक तरह का मेकअप); پین کیک; Pancake,"A thin, flat cake fried in a pan — in the chapter, the brand of make-up at Gemini Studios.","पैनकेक (एक तरह का मेकअप) · پین کیک (Pancake)

**In use**

- ""Pancake"" was the make-up that turned every decent-looking actor into a hideous crimson hue.

*From NCERT Flamingo — Poets and Pancakes.*",nouns,general,NCERT Flamingo — Poets and Pancakes
word,Averse,aversion; विमुख; بیزار; Bezaar,Strongly disliking or opposed to.,"विमुख · بیزار (Bezaar)

**In use**

- Gemini Studios' boss was averse to Communism — and welcomed the Moral Re-Armament army.

*From NCERT Flamingo — Poets and Pancakes.*",describing,general,NCERT Flamingo — Poets and Pancakes
word,Cruelty,cruel; क्रूरता; ظلم; Zulm,Behaviour that deliberately causes pain.,"क्रूरता · ظلم (Zulm)

**In use**

- Some celebrities call the interview a form of cruelty, an unwarranted intrusion.

*From NCERT Flamingo — The Interview.*",nouns,general,NCERT Flamingo — The Interview
word,Chivalry,"chivalrous; शौर्य, शिष्टता; جوانمردی; Jawan-mardi","Courteous, gallant behaviour, especially by men towards women.","शौर्य, शिष्टता · جوانمردی (Jawan-mardi)

**In use**

- Sophie's daydream of Danny Casey has a touch of chivalry — he asks her to walk with him.

*From NCERT Flamingo — Going Places.*",nouns,general,NCERT Flamingo — Going Places
word,Pangs,pang; टीस; ٹیس; Tees,Sudden sharp feelings of pain or emotion.,"टीस · ٹیس (Tees)

**In use**

- The poet felt the old familiar pangs of fear at her mother's ashen face.

*From NCERT Flamingo — My Mother at Sixty-six (poem).*",nouns,general,NCERT Flamingo — My Mother at Sixty-six (poem)
word,Prance,pranced; prancing; उछल-कूद करना; اچھلنا کودنا; Uchhalna koodna,"To move with high, springing steps.","उछल-कूद करना · اچھلنا کودنا (Uchhalna koodna)

**In use**

- Aunt Jennifer's tigers ""prance across a screen"", unafraid of the men beneath the tree.

*From NCERT Flamingo — Aunt Jennifer's Tigers (poem).*",verbs,general,NCERT Flamingo — Aunt Jennifer's Tigers (poem)
word,Sheen,चमक; چمک; Chamak,A soft shine on a surface.,"चमक · چمک (Chamak)

**In use**

- ""A thing of beauty is a joy forever… bright with a sheen of daffodils"" — Keats.

*From NCERT Flamingo — A Thing of Beauty (poem).*",nouns,general,NCERT Flamingo — A Thing of Beauty (poem)
word,Refuge,refugee; refuges; शरण; پناہ; Panah,A place of safety from danger or trouble.,"शरण · پناہ (Panah)

**In use**

- The third level at Grand Central is Charley's refuge from a modern world ""full of insecurity"".

*From NCERT Vistas — The Third Level.*",nouns,general,NCERT Vistas — The Third Level
word,Philately,philatelist; डाक टिकट संग्रह; ٹکٹ جمع کرنے کا شوق; Ticket jama karne ka shauq,The collecting and study of postage stamps.,"डाक टिकट संग्रह · ٹکٹ جمع کرنے کا شوق (Ticket jama karne ka shauq)

**In use**

- Sam's letter turns up in Charley's first-day-cover collection — his philately hobby.

*From NCERT Vistas — The Third Level.*",nouns,general,NCERT Vistas — The Third Level
word,Dewan,दीवान; دیوان; Dewan,A chief minister of an Indian princely state.,"दीवान · دیوان (Dewan)

**In use**

- The dewan had a tiger brought from the People's Park in Madras to keep his job.

*From NCERT Vistas — The Tiger King.*",nouns,general,NCERT Vistas — The Tiger King
word,Continent,continents; महाद्वीप; بر اعظم; Bar-e-azam,One of the earth's great landmasses.,"महाद्वीप · بر اعظم (Bar-e-azam)

**In use**

- Antarctica is the only continent with no human population, and holds most of the world's ice.

*From NCERT Vistas — Journey to the End of the Earth.*",nouns,general,NCERT Vistas — Journey to the End of the Earth
word,Gondwana,गोंडवाना; گونڈوانا; Gondwana,The ancient southern supercontinent that broke into today's continents.,"गोंडवाना · گونڈوانا (Gondwana)

**In use**

- Six hundred and fifty million years ago, Gondwana held India and Antarctica together.

*From NCERT Vistas — Journey to the End of the Earth.*",nouns,general,NCERT Vistas — Journey to the End of the Earth
word,Prisoner,prisoners; imprison; कैदी; قیدی; Qaidi,A person held captive.,"कैदी · قیدی (Qaidi)

**In use**

- The American, a prisoner of war washed up on the beach, made Sadao a traitor in law and a doctor in conscience.

*From NCERT Vistas — The Enemy.*",nouns,general,NCERT Vistas — The Enemy
word,Sentimental,sentiment; भावुक; جذباتی; Jazbati,Governed by tender feelings rather than reason.,"भावुक · جذباتی (Jazbati)

**In use**

- The General says he is not sentimental — but he has forgotten to send the assassins.

*From NCERT Vistas — The Enemy.*",describing,general,NCERT Vistas — The Enemy
word,Crab-apple,crab apples; जंगली सेब; جنگلی سیب; Jangli seb,"A small, sour wild apple.","जंगली सेब · جنگلی سیب (Jangli seb)

**In use**

- Mr Lamb makes jelly from the crab-apples in his garden.

*From NCERT Vistas — On the Face of It.*",nouns,general,NCERT Vistas — On the Face of It
word,Untouchable,untouchability; अछूत; اچھوت; Achhoot,A person of a caste once treated as impure — the caste system's cruelty.,"अछूत · اچھوت (Achhoot)

**In use**

- Bama sees an elder carry a packet by its string so the food is not ""polluted"" — untouchability.

*From NCERT Vistas — Memories of Childhood.*",nouns,general,NCERT Vistas — Memories of Childhood
phrase,Boarding school,boarding schools; आवासीय विद्यालय; بورڈنگ اسکول; Boarding school,A school where pupils live during term.,"आवासीय विद्यालय · بورڈنگ اسکول (Boarding school)

**In use**

- Zitkala-Sa's boarding school cut her hair — the shingling of a ""coward's"" hair, in her people's eyes.

*From NCERT Vistas — Memories of Childhood.*",phrases,general,NCERT Vistas — Memories of Childhood
idiom,Bear in mind,bearing in mind; bore in mind; ध्यान में रखना; ذہن میں رکھنا; Zehan mein rakhna,To remember and take into account.,"ध्यान में रखना · ذہن میں رکھنا (Zehan mein rakhna)

**In use**

- Bear in mind what the postmaster did: he answered a letter addressed to God.

*From NCERT — general usage across readers.*",phrases,general,NCERT — general usage across readers
idiom,By and large,कुल मिलाकर; مجموعی طور پر; Majmooi taur par,On the whole; generally.,"कुल मिलाकर · مجموعی طور پر (Majmooi taur par)

**In use**

- By and large, the villagers of Champaran had never seen a lawyer take their side.

*From NCERT Flamingo — Indigo.*",phrases,general,NCERT Flamingo — Indigo
idiom,Once in a blue moon,कभी-कभार; شاذ و نادر; Shaz-o-nadir,Very rarely.,"कभी-कभार · شاذ و نادر (Shaz-o-nadir)

**In use**

- Once in a blue moon a car stopped at the roadside stand.

*From NCERT Flamingo — A Roadside Stand (poem).*",phrases,general,NCERT Flamingo — A Roadside Stand (poem)
idiom,Turn a deaf ear,turned a deaf ear; अनसुना करना; ان سنا کرنا; An-suna karna,To refuse to listen.,"अनसुना करना · ان سنا کرنا (An-suna karna)

**In use**

- The landlords turned a deaf ear to the sharecroppers until Gandhi came.

*From NCERT Flamingo — Indigo.*",phrases,general,NCERT Flamingo — Indigo
idiom,Rack one's brains,racked his brains; racking her brains; दिमाग़ खपाना; دماغ کھپانا; Dimagh khapana,To think very hard to remember or solve something.,"दिमाग़ खपाना · دماغ کھپانا (Dimagh khapana)

**In use**

- Horace racked his brains for the name of the lady in red — too late.

*From NCERT Footprints — A Question of Trust.*",phrases,general,NCERT Footprints — A Question of Trust
idiom,Keep body and soul together,जीवित रहने भर कमाना; جینے بھر کمانا; Jeene bhar kamana,To earn just enough to stay alive.,"जीवित रहने भर कमाना · جینے بھر کمانا (Jeene bhar kamana)

**In use**

- The rattrap peddler kept body and soul together by begging and small thefts.

*From NCERT Flamingo — The Rattrap.*",phrases,general,NCERT Flamingo — The Rattrap
