from,to,relation,note
Air handling unit (AHU),AHU casing and panels,under,
Air handling unit (AHU),AHU casing and panels,contains,
Air handling unit (AHU),Thermal-break frame,under,
Air handling unit (AHU),Thermal-break frame,contains,
Air handling unit (AHU),Supply fan,under,
Air handling unit (AHU),Supply fan,contains,
Air handling unit (AHU),Return / exhaust fan,under,
Air handling unit (AHU),Return / exhaust fan,contains,
Air handling unit (AHU),Chilled-water cooling coil,under,
Air handling unit (AHU),Chilled-water cooling coil,contains,
Air handling unit (AHU),DX cooling coil,under,
Air handling unit (AHU),DX cooling coil,contains,
Air handling unit (AHU),Heat-recovery section,under,
Air handling unit (AHU),Heat-recovery section,contains,
Air handling unit (AHU),Air filters,under,
Air handling unit (AHU),Air filters,contains,
Air handling unit (AHU),Dampers,under,
Air handling unit (AHU),Dampers,contains,
Air handling unit (AHU),Drain pan,under,
Air handling unit (AHU),Drain pan,contains,
Air handling unit (AHU),UV-C section,under,
Air handling unit (AHU),UV-C section,contains,
Air handling unit (AHU),Sound attenuator,under,
Air handling unit (AHU),Sound attenuator,contains,
Air handling unit (AHU),AHU control panel,under,
Air handling unit (AHU),AHU control panel,contains,
Air handling unit (AHU),Airflow,under,
Air handling unit (AHU),Airflow,has_parameter,
Air handling unit (AHU),External static pressure (ESP),under,
Air handling unit (AHU),External static pressure (ESP),has_parameter,
Air handling unit (AHU),Casing leakage class,under,
Air handling unit (AHU),Casing leakage class,has_parameter,
Air handling unit (AHU),Casing deflection class,under,
Air handling unit (AHU),Casing deflection class,has_parameter,
Air handling unit (AHU),Thermal transmittance class,under,
Air handling unit (AHU),Thermal transmittance class,has_parameter,
Air handling unit (AHU),Thermal bridging class,under,
Air handling unit (AHU),Thermal bridging class,has_parameter,
Air handling unit (AHU),Filter bypass leakage class,under,
Air handling unit (AHU),Filter bypass leakage class,has_parameter,
Air handling unit (AHU),Specific fan power (SFP),under,
Air handling unit (AHU),Specific fan power (SFP),has_parameter,
Air handling unit (AHU),Sound power level,under,
Air handling unit (AHU),Sound power level,has_parameter,
Fan coil unit (FCU),FCU fan and motor,under,
Fan coil unit (FCU),FCU fan and motor,contains,
Fan coil unit (FCU),FCU coil,under,
Fan coil unit (FCU),FCU coil,contains,
Fan coil unit (FCU),FCU drain pan,under,
Fan coil unit (FCU),FCU drain pan,contains,
Fan coil unit (FCU),FCU filter,under,
Fan coil unit (FCU),FCU filter,contains,
Fan coil unit (FCU),FCU casing,under,
Fan coil unit (FCU),FCU casing,contains,
Fan coil unit (FCU),FCU control valve,under,
Fan coil unit (FCU),FCU control valve,contains,
Fan coil unit (FCU),FCU thermostat / controller,under,
Fan coil unit (FCU),FCU thermostat / controller,contains,
Fan coil unit (FCU),Cooling capacity (total and sensible),under,
Fan coil unit (FCU),Cooling capacity (total and sensible),has_parameter,
Fan coil unit (FCU),FCU external static pressure,under,
Fan coil unit (FCU),FCU external static pressure,has_parameter,
Fan coil unit (FCU),Chilled-water entering / leaving temperature,under,
Fan coil unit (FCU),Chilled-water entering / leaving temperature,has_parameter,
Fan coil unit (FCU),FCU sound level,under,
Fan coil unit (FCU),FCU sound level,has_parameter,
Fan coil unit (FCU),FCU power input,under,
Fan coil unit (FCU),FCU power input,has_parameter,
Air-cooled chiller,Compressor,under,
Air-cooled chiller,Compressor,contains,
Air-cooled chiller,Air-cooled condenser coil,under,
Air-cooled chiller,Air-cooled condenser coil,contains,
Air-cooled chiller,Condenser fans,under,
Air-cooled chiller,Condenser fans,contains,
Air-cooled chiller,Evaporator,under,
Air-cooled chiller,Evaporator,contains,
Air-cooled chiller,Refrigerant,under,
Air-cooled chiller,Refrigerant,contains,
Air-cooled chiller,Electronic expansion valve,under,
Air-cooled chiller,Electronic expansion valve,contains,
Air-cooled chiller,Chiller control panel,under,
Air-cooled chiller,Chiller control panel,contains,
Air-cooled chiller,Integrated pump package,under,
Air-cooled chiller,Integrated pump package,contains,
Air-cooled chiller,Sound attenuation package,under,
Air-cooled chiller,Sound attenuation package,contains,
Air-cooled chiller,High-ambient package,under,
Air-cooled chiller,High-ambient package,contains,
Air-cooled chiller,Cooling capacity at design ambient,under,
Air-cooled chiller,Cooling capacity at design ambient,has_parameter,
Air-cooled chiller,Full-load EER / COP,under,
Air-cooled chiller,Full-load EER / COP,has_parameter,
Air-cooled chiller,Part-load efficiency (IPLV / ESEER),under,
Air-cooled chiller,Part-load efficiency (IPLV / ESEER),has_parameter,
Air-cooled chiller,Ambient operating range,under,
Air-cooled chiller,Ambient operating range,has_parameter,
Air-cooled chiller,Chilled-water temperatures and ΔT,under,
Air-cooled chiller,Chilled-water temperatures and ΔT,has_parameter,
Air-cooled chiller,Power supply,under,
Air-cooled chiller,Power supply,has_parameter,
Air-cooled chiller,Chiller sound power,under,
Air-cooled chiller,Chiller sound power,has_parameter,
Air-cooled chiller,Minimum turndown,under,
Air-cooled chiller,Minimum turndown,has_parameter,
Air handling unit (AHU),EN 1886,under,
Air handling unit (AHU),EN 1886,governed_by,
Air handling unit (AHU),EN 13053,under,
Air handling unit (AHU),EN 13053,governed_by,
Air handling unit (AHU),Eurovent Certified Performance — AHU,under,
Air handling unit (AHU),Eurovent Certified Performance — AHU,governed_by,
Air handling unit (AHU),AHRI 410,under,
Air handling unit (AHU),AHRI 410,governed_by,
Fan coil unit (FCU),AHRI 410,under,
Fan coil unit (FCU),AHRI 410,governed_by,
Air handling unit (AHU),AMCA 210 / ISO 5801,under,
Air handling unit (AHU),AMCA 210 / ISO 5801,governed_by,
Air handling unit (AHU),ISO 16890,under,
Air handling unit (AHU),ISO 16890,governed_by,
Fan coil unit (FCU),ISO 16890,under,
Fan coil unit (FCU),ISO 16890,governed_by,
Air handling unit (AHU),EN 1822,under,
Air handling unit (AHU),EN 1822,governed_by,
Air handling unit (AHU),EN 1751,under,
Air handling unit (AHU),EN 1751,governed_by,
Air handling unit (AHU),EN 308,under,
Air handling unit (AHU),EN 308,governed_by,
Air handling unit (AHU),ASHRAE 62.1,under,
Air handling unit (AHU),ASHRAE 62.1,governed_by,
Air handling unit (AHU),ASHRAE 90.1,under,
Air handling unit (AHU),ASHRAE 90.1,governed_by,
Fan coil unit (FCU),ASHRAE 90.1,under,
Fan coil unit (FCU),ASHRAE 90.1,governed_by,
Air-cooled chiller,ASHRAE 90.1,under,
Air-cooled chiller,ASHRAE 90.1,governed_by,
Air handling unit (AHU),ASHRAE 170,under,
Air handling unit (AHU),ASHRAE 170,governed_by,
Air handling unit (AHU),NFPA 90A,under,
Air handling unit (AHU),NFPA 90A,governed_by,
Fan coil unit (FCU),UL 1995 / EN 60335-2-40,under,
Fan coil unit (FCU),UL 1995 / EN 60335-2-40,governed_by,
Air-cooled chiller,UL 1995 / EN 60335-2-40,under,
Air-cooled chiller,UL 1995 / EN 60335-2-40,governed_by,
Air handling unit (AHU),VDI 6022 / DIN 1946-4,under,
Air handling unit (AHU),VDI 6022 / DIN 1946-4,governed_by,
Fan coil unit (FCU),AHRI 440,under,
Fan coil unit (FCU),AHRI 440,governed_by,
Fan coil unit (FCU),Eurovent Certified Performance — Fan coil units,under,
Fan coil unit (FCU),Eurovent Certified Performance — Fan coil units,governed_by,
Fan coil unit (FCU),ISO 3741,under,
Fan coil unit (FCU),ISO 3741,governed_by,
Air-cooled chiller,AHRI 550/590,under,
Air-cooled chiller,AHRI 550/590,governed_by,
Air-cooled chiller,Eurovent Certified Performance — Chillers (LCP-HP),under,
Air-cooled chiller,Eurovent Certified Performance — Chillers (LCP-HP),governed_by,
Air-cooled chiller,SASO 2874,under,
Air-cooled chiller,SASO 2874,governed_by,
Air-cooled chiller,SASO 2663,under,
Air-cooled chiller,SASO 2663,governed_by,
Air-cooled chiller,UAE.S 5010 (ESMA / MoIAT),under,
Air-cooled chiller,UAE.S 5010 (ESMA / MoIAT),governed_by,
Air-cooled chiller,ASHRAE 15 / ASHRAE 34,under,
Air-cooled chiller,ASHRAE 15 / ASHRAE 34,governed_by,
Air-cooled chiller,ISO 9614 / ISO 3744,under,
Air-cooled chiller,ISO 9614 / ISO 3744,governed_by,
Air handling unit (AHU),Dubai Green Building Regulations (Al Sa'fat),under,
Air handling unit (AHU),Dubai Green Building Regulations (Al Sa'fat),governed_by,
Fan coil unit (FCU),Dubai Green Building Regulations (Al Sa'fat),under,
Fan coil unit (FCU),Dubai Green Building Regulations (Al Sa'fat),governed_by,
Air-cooled chiller,Dubai Green Building Regulations (Al Sa'fat),under,
Air-cooled chiller,Dubai Green Building Regulations (Al Sa'fat),governed_by,
Air handling unit (AHU),Estidama Pearl Rating System,under,
Air handling unit (AHU),Estidama Pearl Rating System,governed_by,
Fan coil unit (FCU),Estidama Pearl Rating System,under,
Fan coil unit (FCU),Estidama Pearl Rating System,governed_by,
Air-cooled chiller,Estidama Pearl Rating System,under,
Air-cooled chiller,Estidama Pearl Rating System,governed_by,
Air handling unit (AHU),Saudi Building Code — SBC 501 / SBC 601,under,
Air handling unit (AHU),Saudi Building Code — SBC 501 / SBC 601,governed_by,
Fan coil unit (FCU),Saudi Building Code — SBC 501 / SBC 601,under,
Fan coil unit (FCU),Saudi Building Code — SBC 501 / SBC 601,governed_by,
Air-cooled chiller,Saudi Building Code — SBC 501 / SBC 601,under,
Air-cooled chiller,Saudi Building Code — SBC 501 / SBC 601,governed_by,
Air handling unit (AHU),Saudi Aramco SAES-K series,under,
Air handling unit (AHU),Saudi Aramco SAES-K series,governed_by,
Air-cooled chiller,Saudi Aramco SAES-K series,under,
Air-cooled chiller,Saudi Aramco SAES-K series,governed_by,
Air handling unit (AHU),Daikin D-AHU Professional,under,
Air handling unit (AHU),Daikin D-AHU Modular P / Modular R,under,
Air handling unit (AHU),Daikin D-AHU Compact L / Compact T,under,
Air handling unit (AHU),York (Johnson Controls) custom air handling units,under,
Air handling unit (AHU),Systemair Geniox,under,
Fan coil unit (FCU),Daikin concealed ceiling fan coil units (DMEA range),under,
Fan coil unit (FCU),York (Johnson Controls) fan coil units,under,
Fan coil unit (FCU),Systemair fan coil units,under,
Air-cooled chiller,Daikin EWAD-TZ (inverter screw),under,
Air-cooled chiller,Daikin EWAT-B (R-32 scroll),under,
Air-cooled chiller,York YVAA (variable-speed screw),under,
Air-cooled chiller,York YLAA (scroll),under,
Air-cooled chiller,Systemair SYSCROLL Air / SYSCREW Air,under,
"UAE market — what changes for AHU, FCU and chillers",UAE electrical supply — 50 Hz,under,
"UAE market — what changes for AHU, FCU and chillers",UAE design ambient — 46 °C,under,
"UAE market — what changes for AHU, FCU and chillers",Coastal corrosion protection,under,
"UAE market — what changes for AHU, FCU and chillers",District cooling design temperatures,under,
"UAE market — what changes for AHU, FCU and chillers","Dubai Civil Defence — ducts, dampers and smoke",under,
"KSA market — what changes for AHU, FCU and chillers",KSA electrical supply — 60 Hz,under,
"KSA market — what changes for AHU, FCU and chillers",KSA design ambient — 46 to 50 °C,under,
"KSA market — what changes for AHU, FCU and chillers",SASO / SLS registration before shipment,under,
"KSA market — what changes for AHU, FCU and chillers",Dust and sand,under,
"KSA market — what changes for AHU, FCU and chillers","Industrial owner standards — Aramco, SABIC, Ma'aden",under,
Air-cooled chiller,Fan coil unit (FCU),connected_to,Chilled water loop
Air-cooled chiller,Air handling unit (AHU),connected_to,Chilled water loop
